1,An.stop
2,aarddict.android
3,acr.browser.barebones copy
4,akk.astro.droid.moonphase
5,am.zoom.mbrowser
6,am.zoom.mlauncher
7,andraus.bluetoothhidemu
8,android.androidVNC
9,app.easytoken
10,app.openconnect
11,at.bitfire.davdroid.mirakel
12,at.bitfire.gfxtablet
13,at.huber.sampleDownload
14,at.maui.cheapcast
15,at.tomtasche.reader
16,at.univie.sensorium
17,at.zweng.bankomatinfos
18,at.zweng.bankomatinfos2
19,au.com.darkside.XServer
20,au.com.wallaceit.reddinator
21,au.id.micolous.farebot
22,aws.apps.androidDrawables
23,axp.tool.apkextractor
24,be.geecko.QuickLyric
25,be.norio.randomapp
26,be.quentinloos.manille
27,be.uhasselt.privacypolice
28,biz.codefuture.svgviewer
29,br.odb.knights
30,br.usp.ime.retrobreaker
31,btools.routingapp
32,budo.budoist
33,buet.rafi.dictionary
34,bus.chio.wishmaster
35,byrne.utilities.converter
36,byrne.utilities.hashpass
37,byrne.utilities.pasteedroid
38,ca.ddaly.android.heart
39,ca.mimic.apphangar
40,ca.mudar.fairphone.peaceofmind
41,ca.rmen.android.networkmonitor
42,ca.rmen.nounours
43,cacafogo.software.touchBalance
44,campyre.android
45,cat.jordihernandez.cinecat
46,cat.mvmike.minimalcalendarwidget
47,cc.rainwave.android
48,cgeo.geocaching
49,ch.blinkenlights.android.apnswitch
50,ch.blinkenlights.android.vanilla
51,ch.blinkenlights.android.vanillaplug
52,ch.blinkenlights.battery
53,ch.citux.td
54,ch.corten.aha.worldclock
55,ch.dissem.android.drupal
56,ch.fixme.cowsay
57,ch.hsr.eyecam
58,ch.phcoder.jigit
59,ch.rmy.android.statusbar_tacho
60,ch.rrelmy.android.batterymanager
61,ch.rrelmy.android.locationcachemap
62,click.dummer.UartSmartwatch
63,co.wakarimasen.ceredux
64,co.wakarimasen.chanexplorer
65,com.FireFart.Permissions2
66,com.MarcosDiez.shareviahttp
67,com.Pau.ImapNotes2
68,com.SecUpwN.AIMSICD
69,com.abitsinc.andr
70,com.achep.acdisplay
71,com.achep.widget.jellyclock
72,com.acvarium.tasclock
73,com.agnibho.android.solarcompass
74,com.alexkang.x3matrixcalculator
75,com.alexxz.hawkingquotes
76,com.allansimon.verbisteandroid
77,com.almalence.opencam
78,com.amaze.filemanager
79,com.amphoras.tpthelper
80,com.andrew.apollo
81,com.andrewshu.android.reddit
82,com.androguide.universal.init.d
83,com.android.quake
84,com.android.shellms
85,com.androidemu.snes
86,com.androsz.electricsleepbeta
87,com.androzic
88,com.andybotting.tramhunter
89,com.angrydoughnuts.android.alarmclock
90,com.annie.dictionary
91,com.annimon.minizipandroid
92,com.anysoftkeyboard.languagepack.SSH
93,com.anysoftkeyboard.languagepack.basque
94,com.anysoftkeyboard.languagepack.danish
95,com.anysoftkeyboard.languagepack.georgian.fdroid
96,com.anysoftkeyboard.languagepack.german
97,com.anysoftkeyboard.languagepack.greek
98,com.anysoftkeyboard.languagepack.hebrew
99,com.anysoftkeyboard.languagepack.hungarian
100,com.anysoftkeyboard.languagepack.italian
101,com.anysoftkeyboard.languagepack.latvian
102,com.anysoftkeyboard.languagepack.neo
103,com.anysoftkeyboard.languagepack.norwegian
104,com.anysoftkeyboard.languagepack.pali
105,com.anysoftkeyboard.languagepack.persian
106,com.anysoftkeyboard.languagepack.portuguese
107,com.anysoftkeyboard.languagepack.russian2
108,com.anysoftkeyboard.languagepack.slovene
109,com.anysoftkeyboard.languagepack.spain
110,com.anysoftkeyboard.languagepack.swedish
111,com.anysoftkeyboard.languagepack.tatar
112,com.anysoftkeyboard.languagepack.ukrainian
113,com.app.Zensuren
114,com.appspot.usbhidterminal
115,com.aragaer.jtt
116,com.ariwilson.seismowallpaper
117,com.as.anagramsolver
118,com.aselalee.trainschedule
119,com.asksven.betterbatterystats
120,com.asksven.betterwifionoff
121,com.axelby.podax
122,com.b44t.messenger
123,com.banasiak.coinflip
124,com.better.alarm
125,com.bigbluecup.android.launcher
126,com.blippex.app
127,com.blntsoft.emailpopup
128,com.blogspot.marioboehmer.nfcprofile
129,com.bobbyrne01.howfardoyouswim
130,com.bonelazy.profileswitcher
131,com.boombuler.games.shift
132,com.boombuler.piraten.map
133,com.boombuler.widgets.contacts
134,com.botbrew.basil
135,com.bottleworks.dailymoney
136,com.boztalay.puppyframeuid
137,com.brapeba.roaminginfo
138,com.brentpanther.bitcoinwidget
139,com.bretternst.URLazy
140,com.brianco.colorclock
141,com.brillenheini.deepscratch.free
142,com.brosmike.airpushdetector
143,com.btmura.android.reddit
144,com.bvalosek.cpuspy
145,com.byagowi.persiancalendar
146,com.bytestemplar.tonedef
147,com.cajor.dk.dlna
148,com.callrecorder.android
149,com.casimirlab.simpleDeadlines
150,com.cebesius.wifiautoforget
151,com.cgogolin.library
152,com.chessclock.android
153,com.chmod0.manpages
154,com.chrisheald.flexauth
155,com.cityfreqs.littlesirecho
156,com.cleveroad.sample
157,com.clickgostudio.air1072
158,com.code61.deadpixel
159,com.codebutler.farebot
160,com.concentricsky.android.khan
161,com.corner23.android.beautyclocklivewallpaper
162,com.coste.syncorg
163,com.cradle.iitc_mobile
164,com.ctrlplusz.dashclock.yr
165,com.cyanogenmod.filemanager.ics
166,com.cybrosys.palmcalc
167,com.darshancomputing.BatteryIndicator
168,com.darshancomputing.BatteryIndicatorPro
169,com.daviancorp.android.monsterhunter3udatabase
170,com.dconstructing.cooper
171,com.debian.debiandroid
172,com.dftec.planetcon
173,com.diegocarloslima.byakugallery
174,com.dje.openwifinetworkremover
175,com.dngames.mobilewebcam
176,com.dnielfe.manager
177,com.docd.purefm
178,com.dosse.chromiumautoupdater
179,com.dozingcatsoftware.asciicam
180,com.dozingcatsoftware.bouncy
181,com.dozingcatsoftware.cameratimer
182,com.dririan.RingyDingyDingy
183,com.drismo
184,com.drodin.tuxrider
185,com.drodin.zxdroid
186,com.dwak.lastcall
187,com.dwdesign.tweetings
188,com.dynamite.heaterrc
189,com.ecuamobi.deckwallet
190,com.eleybourn.bookcatalogue
191,com.elsdoerfer.android.autostarts
192,com.elsewhat.android.currentwallpaper
193,com.emartynov.android.app.urlsetter
194,com.endeepak.dotsnsquares
195,com.enrico.earthquake
196,com.enrico.earthquake.batterysimplysolid
197,com.enrico.filemanager
198,com.episode6.android.appalarm.pro
199,com.evancharlton.mileage
200,com.example.CosyDVR
201,com.example.android.monthcalendarwidget
202,com.example.muzei.muzeiapod
203,com.f.coin
204,com.f0x.eddymalou
205,com.f2prateek.dfg
206,com.falconware.prestissimo
207,com.fastebro.androidrgbtool
208,com.fivasim.antikythera
209,com.forum.fiend.osp
210,com.foxykeep.lifecounter
211,com.fr3ts0n.ecu.gui.androbd
212,com.fr3ts0n.stagefever
213,com.frozendevs.cache.cleaner
214,com.frozendevs.periodictable
215,com.frrahat.quransimple
216,com.fsck.k9
217,com.fsck.k9.material
218,com.fusionx.lightirc
219,com.geecko.QuickLyric
220,com.gelakinetic.mtgfam
221,com.germainz.identiconizer
222,com.gh4a
223,com.ghisguth.sun
224,com.gimranov.zandy.app
225,com.ginkel.hashit
226,com.github.alijc.cricketsalarm
227,com.github.andlyticsproject
228,com.github.cetoolbox
229,com.github.egonw.isotopes
230,com.github.grimpy.botifier
231,com.github.marmalade.aRevelation
232,com.github.nicolassmith.urlevaluator
233,com.github.nutomic.controldlna
234,com.github.ooz.heymeditation
235,com.github.pires.obd.reader
236,com.github.ruleant.getback_gps
237,com.github.timnew.smartremotecontrol
238,com.github.wdkapps.fillup
239,com.github.xloem.qrstream
240,com.glTron
241,com.gladis.tictactoe
242,com.glanznig.beepme
243,com.gmail.altakey.effy
244,com.gmail.jerickson314.sdscanner
245,com.gmail.mugcuposup.android
246,com.gmail.walles.johan.batterylogger
247,com.gokhanmoral.stweaks.app
248,com.google.android.apps.authenticator2
249,com.google.android.apps.iosched
250,com.google.android.gms
251,com.google.android.location
252,com.google.code.apps2org
253,com.google.zxing.client.android
254,com.googlecode.android_scripting
255,com.googlecode.chartdroid
256,com.googlecode.gogodroid
257,com.googlecode.gtalksms
258,com.googlecode.networklog
259,com.gpl.rpg.AndorsTrail
260,com.gracecode.android.presentation
261,com.grapefruitopia.dashclock.k9
262,com.haha01haha01.harail
263,com.harasoft.relaunch
264,com.haringeymobile.ukweather
265,com.harleensahni.android.mbr
266,com.health.openscale
267,com.hermit.btreprap
268,com.hexad.bluezime
269,com.hexairbot.hexmini
270,com.hlidskialf.android.pomodoro
271,com.howeyc.spiped
272,com.htruong.inputmethod.latin
273,com.hyperionics.fbreader.plugin.tts_plus
274,com.icechen1.notable.pro
275,com.icecondor.nest
276,com.ichi2.anki
277,com.ideasfrombrain.search_based_launcher_v2
278,com.ihunda.android.binauralbeat
279,com.ilm.sandwich
280,com.intrications.android.sharebrowser
281,com.invano.ambientweather
282,com.irahul.worldclock
283,com.isanexusdev.androidcpg
284,com.isdp.trirose
285,com.iskrembilen.quasseldroid
286,com.ivanvolosyuk.sharetobrowser
287,com.jackpf.apkdownloader
288,com.jadn.cc
289,com.jakebasile.android.hearingsaver
290,com.jakewharton.telecine
291,com.jaygoel.virginminuteschecker
292,com.jecelyin.editor
293,com.jeffboody.GearsES2eclair
294,com.jmartin.temaki
295,com.jmartin.writeily
296,com.jmelzer.myttr
297,com.jmstudios.chibe
298,com.jmstudios.pointandhit.android
299,com.johan.vertretungsplan
300,com.josegd.monthcalwidget
301,com.joulespersecond.seattlebusbot
302,com.junjunguo.pocketmaps
303,com.jwetherell.heart_rate_monitor
304,com.kaeruct.glxy
305,com.kibab.android.EncPassChanger
306,com.kn.paper_foss_theme
307,com.knirirr.beecount
308,com.kodarkooperativet.notificationstopwatch
309,com.koushikdutta.superuser
310,com.kvance.Nectroid
311,com.kyakujin.android.tagnotepad
312,com.leafdigital.kanji.android
313,com.lightbox.android.camera
314,com.linkomnia.android.Changjie
315,com.litmus.worldscope
316,com.lligainterm
317,com.lonepulse.travisjr
318,com.longevitysoft.android.appwidget.hstfeed
319,com.lucasdnd.bitclock16
320,com.lucasdnd.decimaltimeclockwidget
321,com.lucasdnd.unixtimeclockwidget
322,com.lukekorth.screennotifications
323,com.madgag.agit
324,com.makeinfo.sudokugenerator
325,com.manichord.mgit
326,com.mapzen.open
327,com.mareksebera.simpledilbert
328,com.markuspage.android.atimetracker
329,com.markuspage.android.certtools
330,com.martinborjesson.o2xtouchlednotifications
331,com.matburt.mobileorg
332,com.materialos.cm.theme
333,com.mattallen.dpixel
334,com.matteopacini.katana
335,com.max2idea.android.fwknop
336,com.maxfierke.sandwichroulette
337,com.mde.potdroid
338,com.memetro.android
339,com.mendhak.gpslogger
340,com.menny.anysoftkeyboard.finnish
341,com.mfreitas.twister
342,com.michaldabski.filemanager
343,com.mill_e.twitterwrapper
344,com.mkf.droidsat
345,com.mobilepearls.memory
346,com.mobilepearls.sokoban
347,com.mobiperf
348,com.mod.android.widget.fbcw
349,com.moez.QKSMS
350,com.mohammadag.beamfile
351,com.monead.games.android.sequence
352,com.moonpi.tapunlock
353,com.movim.movim
354,com.mridang.cellinfo
355,com.mridang.wifiinfo
356,com.mykola.lexinproject
357,com.naholyr.android.horairessncf
358,com.namelessdev.mpdroid
359,com.namsor.api.samples.gendre
360,com.nanoconverter.zlab
361,com.nephoapp.anarxiv
362,com.nesswit.galbijjimsearcher
363,com.netthreads.android.noiz2
364,com.newsblur
365,com.nexes.manager
366,com.nextcloud.android.beta
367,com.nextcloud.client
368,com.nilhcem.frcndict
369,com.niparasc.papanikolis
370,com.nma.util.sdcardtrac
371,com.nolanlawson.apptracker
372,com.nolanlawson.chordreader
373,com.nolanlawson.jnameconverter
374,com.nolanlawson.keepscore
375,com.nolanlawson.logcat
376,com.noshufou.android.su
377,com.nostra13.universalimageloader
378,com.notriddle.budget
379,com.notriddle.null_launcer
380,com.npi.muzeiflickr
381,com.nucc.hackwinds
382,com.numix.icons_circle
383,com.nutomic.ensichat
384,com.nutomic.syncthingandroid
385,com.oakley.fon
386,com.omegavesko.holocounter
387,com.onetwofivegames.kungfoobarracuda
388,com.opentaxi.android
389,com.orphan.amplayer
390,com.osmnavigator
391,com.owncloud.android
392,com.owncloud.android.beta
393,com.packetsender.android
394,com.palliser.nztides
395,com.peppercarrot.runninggame
396,com.pheelicks.visualizer
397,com.pierceholdings.dontpause
398,com.pilockerstable
399,com.pilot51.voicenotify
400,com.piratebayfree
401,com.pixiv.muzei.pixivsource
402,com.poinsart.votar
403,com.polipoid
404,com.politedroid
405,com.powerje.nyan
406,com.primavera.arduino.listener
407,com.projectsexception.myapplist.open
408,com.purplefoto.pfdock
409,com.qubling.sidekick
410,com.radioreddit.android
411,com.radiostudent.radiostudentstream
412,com.readystatesoftware.ghostlog
413,com.refactech.driibo
414,com.reicast.emulator
415,com.repay.android
416,com.retroarch
417,com.ridgelineapps.resdicegame
418,com.rj.pixelesque
419,com.robert.maps
420,com.sakthipriyan.cricscore
421,com.sandeel.bushidoblocks
422,com.sapos_aplastados.game.clash_of_balls
423,com.selesca.xkcdmuzei
424,com.serwylo.msjviewer
425,com.shadcat.secdroid
426,com.shatteredpixel.shatteredpixeldungeon
427,com.showmehills
428,com.shurik.droidzebra
429,com.sigseg.android.worldmap
430,com.silverkeytech.android_rivers
431,com.sinpo.xnfc
432,com.sismics.reader
433,com.smerty.ham
434,com.smithdtyler.prettygoodmusicplayer
435,com.smithdtyler.prettygoodmusicplayer.launchermode
436,com.smorgasbork.hotdeath
437,com.sputnik.wispr
438,com.spydiko.rotationmanager_foss
439,com.ssaurel.clocklw
440,com.studio332.flickit
441,com.studio332.flickit.android
442,com.sunyata.kindmind
443,com.sweetiepiggy.everylocale
444,com.taiste.lainari_en
445,com.tassadar.multirommgr
446,com.tastycactus.timesheet
447,com.teamdc.stephendiniz.autoaway
448,com.teleca.jamendo
449,com.templaro.opsiz.aka
450,com.ten15.diyfish
451,com.thehoick.evergreenwishlist
452,com.theksmith.android.car_bus_interface
453,com.threedlite.livePolys
454,com.threedlite.urforms
455,com.threedlite.userhash.location
456,com.tierep.notificationanalyser
457,com.timvdalen.gizmooi
458,com.tinfoil.sms
459,com.tinkerlog.android.pongtime
460,com.tkjelectronics.balanduino
461,com.tmarki.comicmaker
462,com.tnc.android.graphite
463,com.tobiaskuban.android.monthcalendarwidgetfoss
464,com.tobykurien.batteryfu
465,com.tobykurien.google_news
466,com.tobykurien.webapps
467,com.tomatodev.timerdroid
468,com.tortuca.holoken
469,com.totsp.bookworm
470,com.tum.yahtzee
471,com.turtleplayerv2
472,com.twistedplane.sealnote
473,com.twobuntu.twobuntu
474,com.twofours.surespot
475,com.twolinessoftware.android
476,com.twsitedapps.homemanager
477,com.u17od.upm
478,com.ubergeek42.WeechatAndroid
479,com.uberspot.a2048
480,com.ultrafunk.network_info
481,com.umang.dashnotifier
482,com.unitedcoders.android.gpodroid
483,com.unwrappedapps.android.wallpaper.creative
484,com.uraroji.garage.android.mp3recvoice
485,com.ushahidi.android.app
486,com.vackosar.searchbasedlauncher
487,com.vanderbie.heart_rate_monitor
488,com.veken0m.bitcoinium
489,com.viper.simplert
490,com.voidcode.diasporawebclient
491,com.volosyukivan
492,com.vonglasow.michael.satstat
493,com.vsmartcard.acardemulator
494,com.vuze.android.remote
495,com.watabou.pixeldungeon
496,com.wbrenna.gtfsoffline
497,com.wentam.defcol
498,com.willhauck.linconnectclient
499,com.wmstein.tourcount
500,com.wmstein.transektcount
501,com.wordpress.chislonchow.legacylauncher
502,com.xabber.android.classic
503,com.xabber.androiddev
504,com.xlythe.minecraftclock
505,com.xperia64.timidityae
506,com.yasfa.views
507,com.yassirh.digitalocean
508,com.yubico.yubiclip
509,com.yubico.yubitotp
510,com.zachrattner.pockettalk
511,com.zagayevskiy.pacman
512,com.zegoggles.gist
513,com.zegoggles.smssync
514,com.zola.bmi
515,cri.sanity
516,csci567.squeez
517,csd.qtproject.minesweeper
518,csh.cryptonite
519,cx.hell.android.pdfview
520,cx.hell.android.pdfviewpro
521,cx.mccormick.pddroidparty
522,cxa.gridwallpaper
523,cxa.lineswallpaper
524,cz.romario.opensudoku
525,cz.yetanotherview.webcamviewer.app
526,damo.three.ie
527,dasher.android
528,de.Cherubin7th.blackscreenpresentationremote
529,de.antonwolf.agendawidget
530,de.arnefeil.bewegungsmelder
531,de.azapps.mirakel.dashclock
532,de.azapps.mirakelandroid
533,de.badaix.snapcast
534,de.bashtian.dashclocksunrise
535,de.baumann.thema
536,de.bitsharesmunich.wallet
537,de.blau.android
538,de.blinkt.openvpn
539,de.boesling.hydromemo
540,de.c3nav.droid
541,de.chaosdorf.meteroid
542,de.cketti.dashclock.k9
543,de.cweiske.headphoneindicator
544,de.danielweisser.android.ldapsync
545,de.devisnik.android.sliding
546,de.duenndns.gmdice
547,de.enaikoon.android.keypadmapper3
548,de.freewarepoint.whohasmystuff
549,de.geeksfactory.opacclient
550,de.grobox.blitzmail
551,de.grobox.liberario
552,de.guerda.matekarte
553,de.hfu.funfpunktnull
554,de.hu_berlin.informatik.spws2014.mapever
555,de.j4velin.pedometer
556,de.j4velin.systemappmover
557,de.j4velin.wifiAutoOff
558,de.jdsoft.law
559,de.jurihock.voicesmith
560,de.k3b.android.calendar.ics.adapter
561,de.k3b.android.locationMapViewer
562,de.langerhans.wallet
563,de.laxu.apps.nachtlagerdownloader
564,de.locked.cellmapper
565,de.lsubel.amam
566,de.luhmer.owncloudnewsreader
567,de.mangelow.balance
568,de.mangelow.debdroid
569,de.mangelow.network
570,de.mangelow.slideitloud
571,de.mangelow.syncwifi
572,de.mangelow.throughput
573,de.markusfisch.android.wavelines
574,de.measite.contactmerger
575,de.msal.muzei.nationalgeographic
576,de.onyxbits.droidentify
577,de.onyxbits.drudgery
578,de.onyxbits.geobookmark
579,de.onyxbits.listmyapps
580,de.onyxbits.photobookmark
581,de.onyxbits.pocketbandit
582,de.onyxbits.remotekeyboard
583,de.onyxbits.sensorreadout
584,de.onyxbits.textfiction
585,de.ph1b.audiobook
586,de.reimardoeffinger.quickdic
587,de.repat.mosf
588,de.saschahlusiak.freebloks
589,de.schildbach.wallet
590,de.schildbach.wallet.faircoin
591,de.schildbach.wallet_test
592,de.serverfrog.pw.android
593,de.shandschuh.slightbackup
594,de.stefan_oltmann.falling_blocks
595,de.stefan_oltmann.kaesekaestchen
596,de.steinpfeffer.rdt
597,de.sudoq
598,de.syss.MifareClassicTool
599,de.szalkowski.activitylauncher
600,de.ub0r.android.callmeter
601,de.ub0r.android.clipboardbeam
602,de.ub0r.android.otpdroid
603,de.ub0r.android.portaltimer
604,de.ub0r.android.smsdroid
605,de.ub0r.android.websms
606,de.ub0r.android.websms.connector.gmx
607,de.ub0r.android.websms.connector.smspilotru
608,de.uni_potsdam.hpi.openmensa
609,de.we.acaldav
610,de.wikilab.android.friendica01
611,de.yazo_games.mensaguthaben
612,de.zieren.rot13
613,dev.ukanth.ufirewall
614,dk.jens.backup
615,dk.kk.ibikecph
616,dk.mide.fas.cmnightlies
617,dulleh.akhyou.fdroid
618,edu.cmu.cs.speech.tts.flite
619,edu.cmu.cylab.starslinger
620,edu.cmu.cylab.starslinger.demo
621,edu.harvard.android.mmskeeper
622,edu.killerud.kitchentimer
623,edu.sfsu.cs.orange.ocr
624,ee.smkv.calc.loan
625,es.cesar.quitesleep
626,es.esy.CosyDVR
627,es.usc.citius.servando.calendula
628,et.nWifiManager
629,eu.e43.impeller
630,eu.hydrologis.geopaparazzi
631,eu.inmite.android.gridwichterle
632,eu.johncasson.meerkatchallenge
633,eu.lavarde.pmtd
634,eu.lighthouselabs.obd.reader
635,eu.mrogalski.saidit
636,eu.prismsw.lampshade
637,eu.siacs.conversations
638,eu.siacs.conversations.voicerecorder
639,eu.veldsoft.colors.overflow
640,eu.veldsoft.complica4
641,eu.veldsoft.fish.rings
642,eu.veldsoft.four.row.solitaire
643,eu.veldsoft.hungarian.rings
644,eu.veldsoft.ithaka.board.game
645,eu.veldsoft.politrics
646,eu.veldsoft.scribe4
647,eu.veldsoft.svarka.odds.calculator
648,eu.veldsoft.tuty.fruty.slot
649,eu.veldsoft.vitoshadm
650,eu.woju.android.packages.hud
651,fi.harism.wallpaper.flier
652,fi.harism.wallpaper.flowers
653,fi.harism.wallpaper.yinyang
654,fi.mikuz.boarder
655,fi.testbed2
656,fm.a2d.sf
657,fm.libre.droid
658,fr.bellev.stdatmosphere
659,fr.keuse.rightsalert
660,fr.miximum.napply
661,fr.nicopico.dashclock.birthday
662,fr.ornidroid
663,fr.seeks
664,fr.simon.marquis.preferencesmanager
665,fr.syncarnet
666,fr.tvbarthel.apps.cameracolorpicker
667,fr.tvbarthel.apps.simplethermometer
668,fr.tvbarthel.apps.simpleweatherforcast
669,fr.unix_experience.owncloud_sms
670,fr.xgouchet.texteditor
671,fr.xplod.focal
672,fr.xtof54.dragonGoApp
673,fr.xtof54.scrabble
674,free.yhc.feeder
675,free.yhc.netmbuddy
676,genius.mohammad.floating.stickies
677,gg.mw.passera
678,giraffine.dimmer
679,goo.TeaTimer
680,gr.ndre.scuttloid
681,groomiac.crocodilenote
682,headrevision.BehatReporter
683,home.jmstudios.calc
684,hsware.HSTempo
685,hu.vsza.adsdroid
686,im.actor.cloud.free
687,im.vector.alpha
688,in.indiandragon.shellshock.shellshockvulnerabilityscan
689,in.p1x.tanks_of_freedom
690,in.shick.diode
691,indrora.atomic
692,info.guardianproject.browser
693,info.guardianproject.checkey
694,info.guardianproject.gpg
695,info.guardianproject.lildebi
696,info.guardianproject.locationprivacy
697,info.guardianproject.orfox
698,info.guardianproject.otr.app.im
699,info.guardianproject.pixelknot
700,info.kesavan.malartoon
701,info.lamatricexiste.network
702,info.meoblast001.thugaim
703,info.schnatterer.nusic
704,io.davidar.tensor
705,io.github.droidapps.pdfreader
706,io.github.fxthomas.sshbeam
707,io.github.kobuge.games.minilens
708,io.github.lonamiwebs.klooni
709,io.github.lonamiwebs.stringlate
710,io.github.mthli.Ninja
711,io.github.powerinside.scrollsocket
712,io.github.sanbeg.flashlight
713,io.githubfede0d.planetrider
714,io.mapsquare.osmcontributor
715,it.angrydroids.epub3reader
716,it.ecosw.dudo
717,it.eternitywall.eternitywall
718,it.feio.android.omninotes.foss
719,it.gmariotti.android.apps.dashclock.extensions.battery
720,it.greenaddress.cordova
721,it.mn.salvi.linuxDayOSM
722,it.rignanese.leo.slimfacebook
723,it.rignanese.leo.slimtwitter
724,it.sineo.android.noFrillsCPUClassic
725,itkach.aard2
726,ivl.android.moneybalance
727,jackpal.androidterm
728,jackpal.droidexaminer
729,jp.ksksue.app.terminal
730,jp.redmine.redmineclient
731,jp.sblo.pandora.aGrep
732,jp.sfjp.webglmol.NDKmol
733,jp.softstudio.DriversLicenseReader
734,jp.yhonda
735,julianwi.javainstaller
736,jupiter.broadcasting.live.tv
737,kr.hybdms.sidepanel
738,kr.softgear.multiping
739,li.klass.fhem
740,libretasks.app
741,mancioboxblog.altervista.it.volumecontrol
742,mavonst.app.easylight
743,mazechazer.android.wottankquiz
744,me.disconnect.mobile2
745,me.jamesfrost.simpledo
746,me.malladi.dashcricket
747,me.phh.superuser
748,me.sheimi.sgit
749,me.tripsit.tripmobile
750,me.tsukanov.counter
751,menion.android.whereyougo
752,micropolis.android
753,mobi.boilr.boilr
754,mobi.cyann.nstools
755,mobi.omegacentauri.PerApp
756,mobi.omegacentauri.SendReduced
757,moe.martini.midictrl
758,mohammad.adib.roundr
759,monakhv.android.samlib
760,name.bagi.levente.pedometer
761,name.juodumas.ext_kbd_lithuanian
762,name.livitski.games.puzzle.android
763,name.marfl.ext_kbd_bulgarian_phonetic
764,name.soulayrol.rhaa.sholi
765,name.starnberger.guenther.android.cbw
766,net.alegen.android.netclip
767,net.altcoinfaucet.app
768,net.androcom.dho.speakerproximity
769,net.androgames.level
770,net.androidcomics.acv
771,net.anzix.osm.upload
772,net.artificialworlds.rabbitescape
773,net.bible.android.activity
774,net.bitplane.android.microphone
775,net.bluetoothviewer
776,net.bmaron.openfixmap
777,net.bytten.xkcdviewer
778,net.chilon.matt.teacup
779,net.codechunk.speedofsound
780,net.commotionwireless.meshtether
781,net.cyclestreets
782,net.dahanne.android.regalandroid
783,net.damsy.soupeaucaillou.heriswap
784,net.damsy.soupeaucaillou.recursiveRunner
785,net.debian.debiandroid
786,net.etuldan.sparss.floss
787,net.everythingandroid.smspopup
788,net.fred.feedex
789,net.georgewhiteside.android.abstractart
790,net.haltcondition.anode
791,net.imatruck.betterweather
792,net.inbox.pager
793,net.inclem.nogo
794,net.iowaline.dotdash
795,net.jjc1138.android.scrobbler
796,net.khertan.forrunners
797,net.kourlas.voipms_sms
798,net.logomancy.dashquotes.civ5
799,net.luniks.android.inetify
800,net.mafro.android.wakeonlan
801,net.majorkernelpanic.spydroid
802,net.mcarolan.whenzebus
803,net.micode.compass
804,net.micode.fileexplorer
805,net.micode.soundrecorder
806,net.minetest.minetest
807,net.momodalo.app.vimtouch
808,net.mypapit.mobile.myposition
809,net.nightwhistler.pageturner
810,net.nurik.roman.muzei
811,net.oschina.app
812,net.osmand.nauticalPlugin
813,net.osmand.parkingPlugin
814,net.osmand.plus
815,net.osmand.srtmPlugin.paid
816,net.pagekite.app
817,net.pejici.easydice
818,net.pejici.summation
819,net.pherth.omnomagon
820,net.phunehehe.foocam
821,net.progval.android.andquote
822,net.ralphbroenink.muzei.unsplash
823,net.rocboronat.android.wallpaper.npe
824,net.screenfreeze.deskcon
825,net.solutinno.websearch
826,net.somethingdreadful.MAL
827,net.stkaddons.viewer
828,net.sylvek.sharemyposition
829,net.syntaxblitz.plucklock
830,net.szym.barnacle
831,net.tapi.handynotes
832,net.tedstein.AndroSS
833,net.tevp.postcode
834,net.thauvin.erik.android.noussd
835,net.wigle.wigleandroid
836,net.xenotropic.quizznworldcap
837,net.yxejamir.misbotheringsms
838,nf.frex.android
839,nitezh.ministock
840,nl.asymmetrics.droidshows
841,nl.frankkie.bronylivewallpaper
842,nl.implode.regenalarm
843,nl.sogeti.android.gpstracker
844,nl.ttys0.simplec25k
845,nu.firetech.android.wifiwarning
846,nya.miku.wishmaster
847,nz.gen.geek_central.ObjViewer
848,ohm.quickdice
849,orbitlivewallpaperfree.puzzleduck.com
850,org.adaway
851,org.addhen.smssync
852,org.aja.flightmode
853,org.akvo.rsr.up
854,org.androidappdev.batterywidget
855,org.androidappdev.wifiwidget
856,org.androidsoft.app.permission
857,org.androidsoft.coloring
858,org.androidsoft.games.memory.kids
859,org.androidsoft.games.memory.tux
860,org.androidsoft.games.puzzle.kids
861,org.androidsoft.games.slowit
862,org.androidsoft.opendata.remarkabletrees
863,org.anhonesteffort.flock
864,org.anothermonitor
865,org.appsroid.fxpro
866,org.aprsdroid.app
867,org.balau.fakedawn
868,org.beide.bomber
869,org.beide.droidgain
870,org.billthefarmer.accordion
871,org.billthefarmer.crossword
872,org.billthefarmer.currency
873,org.billthefarmer.melodeon
874,org.billthefarmer.scope
875,org.billthefarmer.shorty
876,org.billthefarmer.siggen
877,org.billthefarmer.tuner
878,org.birthdayadapter
879,org.blockinger.game
880,org.bombusmod
881,org.brandroid.openmanager
882,org.chrisbailey.todo
883,org.ciasaboark.tacere
884,org.cmotc.tools.rotationlockpp
885,org.congresointeractivo.elegilegi
886,org.csploit.android
887,org.cyanogenmod.great.freedom
888,org.cyanogenmod.oneclick
889,org.daylightingsociety.wherearetheeyes
890,org.de.jmg.learn
891,org.dgtale.icsimport
892,org.diygenomics.pg
893,org.dmfs.tasks
894,org.dolphinemu.dolphinemu
895,org.domogik.domodroid13
896,org.doubango.imsdroid
897,org.dpadgett.timer
898,org.droidparts.battery_widget
899,org.droidupnp
900,org.dsandler.apps.markers
901,org.durka.hallmonitor
902,org.dynalogin.android
903,org.dyndns.fules.ck
904,org.eff.actioncenter
905,org.emergent.android.weave
906,org.envaya.sms
907,org.esteban.piano
908,org.fairphone.launcher
909,org.fastergps
910,org.fdroid.superuser
911,org.floens.chan
912,org.fossasia.openevent
913,org.freeminer.freeminer
914,org.freshrss.easyrss
915,org.froscon.schedule
916,org.gege.caldavsyncadapter
917,org.geometerplus.fbreader.plugin.local_opds_scanner
918,org.geometerplus.fbreader.plugin.tts
919,org.geometerplus.zlibrary.ui.android
920,org.gfd.gsmlocation
921,org.github.OxygenGuide
922,org.hanenoshino.onscripter
923,org.happysanta.gd
924,org.hekmatof.chesswatch
925,org.herrlado.geofonts
926,org.hoi_polloi.android.ringcode
927,org.iilab.openmentoring
928,org.iilab.pb
929,org.jf.Penroser
930,org.jfedor.frozenbubble
931,org.jfedor.nxtremotecontrol
932,org.jsl.shmp
933,org.jsl.wfwt
934,org.kiwix.kiwixmobile
935,org.kobuge.ninjatraining
936,org.kost.externalip
937,org.kreed.vanilla
938,org.lf_net.pgpunlocker
939,org.libresignal
940,org.ligi.blexplorer
941,org.ligi.fast
942,org.ligi.gobandroid_hd
943,org.ligi.materialteatimer
944,org.ligi.passandroid
945,org.ligi.satoshiproof
946,org.ligi.scr
947,org.ligi.solar_activity_monitor
948,org.ligi.survivalmanual
949,org.ligi.vaporizercontrol
950,org.logicallycreative.movingpolygons
951,org.lumicall.android
952,org.marcus905.wifi.ace
953,org.mariotaku.imageviewergl
954,org.mariotaku.twidere
955,org.mariotaku.twidere.extension.twitlonger
956,org.martus.android
957,org.me.tvhguide
958,org.microg.nlp
959,org.microg.nlp.backend.apple
960,org.microg.nlp.backend.ichnaea
961,org.microg.nlp.backend.nominatim
962,org.microg.nlp.backend.openwlanmap
963,org.montrealtransit.android
964,org.montrealtransit.android.schedule.stmbus
965,org.moparisthebest.appbak
966,org.moparisthebest.pageplus
967,org.mosspaper
968,org.mrpdaemon.android.encdroid
969,org.mumod.android
970,org.musicbrainz.picard.barcodescanner
971,org.musicpd.android
972,org.mysociety.FixMyStreet
973,org.n52.sosmobileclient
974,org.nathan.jf.build.prop.editor
975,org.navitproject.navit
976,org.ncrmnt.nettts
977,org.ndeftools.boilerplate
978,org.nick.cryptfs.passwdmanager
979,org.nick.wwwjdic
980,org.ntpsync
981,org.okfn.pod
982,org.olgsoft.apipepanic
983,org.olpc_france.sugarizer
984,org.openbmap
985,org.openbmap.unifiedNlp
986,org.opendroidphp
987,org.openintents.about
988,org.openintents.filemanager
989,org.openintents.flashlight
990,org.openintents.notepad
991,org.openintents.safe
992,org.openintents.shopping
993,org.openorienteering.mapper
994,org.osmdroid
995,org.passwordmaker.android
996,org.paulmach.textedit
997,org.penghuang.tools.rotationlock
998,org.petero.droidfish
999,org.pocketworkstation.pckeyboard
1000,org.ppsspp.ppsspp
1001,org.primftpd
1002,org.projectvoodoo.audiomeasurementsplayer
1003,org.projectvoodoo.otarootkeeper
1004,org.projectvoodoo.screentestpatterns
1005,org.projectvoodoo.simplecarrieriqdetector
1006,org.pyload.android.client
1007,org.pyneo.maps
1008,org.qii.weiciyuan
1009,org.quantumbadger.redreader
1010,org.retroarch
1011,org.rmll
1012,org.safermobile.intheclear
1013,org.sagemath.droid
1014,org.scid.android
1015,org.scoutant.blokish
1016,org.scummvm.scummvm
1017,org.servDroid.web
1018,org.servalproject
1019,org.servalproject.maps
1020,org.shortcuts
1021,org.sipdroid.sipua
1022,org.smblott.intentradio
1023,org.smerty.zooborns
1024,org.smssecure.smssecure
1025,org.sparkleshare.android
1026,org.sudowars
1027,org.sufficientlysecure.ical
1028,org.sufficientlysecure.keychain
1029,org.sufficientlysecure.localcalendar
1030,org.sufficientlysecure.viewer
1031,org.sufficientlysecure.viewer.fontpack
1032,org.sugr.gearshift
1033,org.synergy
1034,org.systemcall.scores
1035,org.tamanegi.wallpaper.multipicture.dnt
1036,org.tasks
1037,org.telegram.messenger
1038,org.thialfihar.android.apg
1039,org.tint
1040,org.tint.adblock
1041,org.tmurakam.presentationtimer
1042,org.totschnig.myexpenses
1043,org.ttrssreader
1044,org.tuxpaint
1045,org.tvbrowser.tvbrowser
1046,org.tvheadend.tvhguide
1047,org.us.andriod
1048,org.valos.isolmoa
1049,org.vi_server.red_screen
1050,org.voidsink.anewjkuapp
1051,org.wahtod.wififixer
1052,org.webodf
1053,org.wikilovesmonuments
1054,org.wikimedia.commons.muzei
1055,org.wiktionary
1056,org.wingy.chan
1057,org.witness.informacam
1058,org.woltage.irssiconnectbot
1059,org.wordpress.android
1060,org.wroot.android.goldeneye
1061,org.xapek.andiodine
1062,org.xbmc.android.remote
1063,org.yaxim.androidclient
1064,org.yuttadhammo.tipitaka
1065,org.zakky.memopad
1066,org.zamedev.gloomydungeons1hardcore.opensource
1067,org.zamedev.gloomydungeons2.opensource
1068,org.zephyrsoft.checknetwork
1069,paulscode.android.mupen64plusae
1070,pk.contender.earmouse
1071,pl.narfsoftware.thermometer
1072,pl.strimoid.lara
1073,priv.twoerner.brightnesswidget
1074,pro.dbro.bart
1075,pro.oneredpixel.l9droid
1076,protect.babymonitor
1077,raele.concurseiro
1078,re.jcg.playmusicexporter
1079,ro.ciubex.dscautorename
1080,ro.mihai.tpt
1081,ro.weednet.contactssync
1082,ru.glesik.nostrangersms
1083,ru.sash0k.bluetooth_terminal
1084,ru.valle.btc
1085,ru0xdc.rtkgps
1086,saschpe.contactevents
1087,se.anyro.nfc_reader
1088,se.danielj.geometridestroyer
1089,se.johanhil.clipboard
1090,se.johanhil.duckduckgo
1091,se.norenh.rkfread
1092,se.tube42.drum.android
1093,se.tube42.kidsmem.android
1094,se.tube42.p9.android
1095,sh.ftp.rocketninelabs.meditationassistant.opensource
1096,si.modrajagoda.didi
1097,siir.es.adbWireless
1098,sk.baka.aedict
1099,sk.halmi.fbeditplus
1100,sk.vx.connectbot
1101,sonoroxadc.garethmurfin.co.uk
1102,starcom.snd
1103,steele.gerry.dotty
1104,stericson.busybox
1105,szelok.app.twister
1106,teamunguided.brighttime
1107,teaonly.droideye
1108,teste.ndk
1109,tf.nox.wifisetup
1110,tk.jordynsmediagroup.simpleirc.fdroid
1111,to.networld.android.divedroid
1112,tof.cv.mpp
1113,trikita.obsqr
1114,trikita.slide
1115,trikita.talalarmo
1116,tuioDroid.impl
1117,tv.piratemedia.lightcontroler
1118,tw.idv.palatis.danboorugallery
1119,tw.qtlin.mac.airunlocker
1120,uk.ac.cam.cl.dtg.android.barcodebox
1121,uk.ac.ed.inf.mandelbrotmaps
1122,uk.co.bitethebullet.android.token
1123,uk.co.busydoingnothing.catverbs
1124,uk.co.busydoingnothing.prevo
1125,uk.co.danieljarvis.android.flashback
1126,uk.co.jarofgreen.JustADamnCompass
1127,uk.co.turtle-player
1128,uk.org.ngo.squeezer
1129,uobikiemukot.yaft
1130,us.achromaticmetaphor.agram
1131,us.achromaticmetaphor.imcktg
1132,us.bravender.android.dongsa
1133,us.feras.mdv.demo
1134,us.lindanrandy.cidrcalculator
1135,vik.linx.stormify
1136,vnd.blueararat.kaleidoscope6
1137,vu.de.urpool.quickdroid
1138,wiseguys.radar
1139,ws.xsoh.etar
1140,z4pp3r.flashlightwidget
1141,za.co.neilson.alarm
1142,zame.GloomyDungeons.opensource.game